"0","# Set the value of 't'"
"0","t = len(x)"
"0",""
"0","# Generate a matrix 'v_star' using the 'get_v_star' function"
"0","v_star = get_v_star(t)"
"0",""
"0","# Generate all possible non-empty subsets (powerset) of the set {0, 1, 2, ..., t-1}"
"0","# 'ids' will be a list of tuples, where each tuple is a subset of indices"
"0","ids = list(powerset(range(t)))"
"0",""
"0","# Select the vectors from 'v_star' that correspond to the indices in each subset"
"0","# 'sub_sets' will be a list of lists, where each inner list contains vectors from 'v_star'"
"0","sub_sets = [v_star[i] for i in ids]"
"0",""
"0","# Sum the vectors within each subset and flatten the result to get a 1-D array"
"0","# 'summed_sets' will be a list of 1-D numpy arrays, where each array is the sum of vectors"
"0","summed_sets = [np.sum(sub_sets[i], axis=0).flatten() for i in range(len(sub_sets))]"
"0",""
"0","# 'summed_sets' is the final output"
"0","summed_sets"
"1","[array([0., 0., 0., 0., 0.]), array([-1.,  0.,  0.,  0.,  1.]), array([ 1., -1.,  0.,  0.,  0.]), array([ 0.,  1., -1.,  0.,  0.]), array([ 0.,  0.,  1., -1.,  0.]), array([ 0.,  0.,  0.,  1., -1.]), array([ 0., -1.,  0.,  0.,  1.]), array([-1.,  1., -1.,  0.,  1.]), array([-1.,  0.,  1., -1.,  1.]), array([-1.,  0.,  0.,  1.,  0.]), array([ 1.,  0., -1.,  0.,  0.]), array([ 1., -1.,  1., -1.,  0.]), array([ 1., -1.,  0.,  1., -1.]), array([ 0.,  1.,  0., -1.,  0.]), array([ 0.,  1., -1.,  1., -1.]), array([ 0.,  0.,  1.,  0., -1.]), array([ 0.,  0., -1.,  0.,  1.]), array([ 0., -1.,  1., -1.,  1.]), array([ 0., -1.,  0.,  1.,  0.]), array([-1.,  1.,  0., -1.,  1.]), array([-1.,  1., -1.,  1.,  0.]), array([-1.,  0.,  1.,  0.,  0.]), array([ 1.,  0.,  0., -1.,  0.]), array([ 1.,  0., -1.,  1., -1.]), array([ 1., -1.,  1.,  0., -1.]), array([ 0.,  1.,  0.,  0., -1.]), array([ 0.,  0.,  0., -1.,  1.]), array([ 0.,  0., -1.,  1.,  0.]), array([ 0., -1.,  1.,  0.,  0.]), array([-1.,  1.,  0.,  0.,  0.]), array([ 1.,  0.,  0.,  0., -1.]), array([0., 0., 0., 0., 0.])]
"
