"0","def search_solutions_3d(s, obj_func):"
"0","    """""""
"0","    Perform a search for the best solution in a solution space using a neighborhood-based search algorithm."
"0","    "
"0","    Args:"
"0","    s (list): The initial solution from which the search starts. Needs three elements x, y, z"
"0","    obj_func (function): The objective function that evaluates the quality of a solution."
"0","    "
"0","    Returns:"
"0","    list: The x, y, z coordinates (or components) of each solution in the search history."
"0","    list: The corresponding objective function values for each solution in the search history."
"0","    "
"0","    The function initializes with an initial solution 's' and evaluates it using the objective function 'obj_func'."
"0","    It then iteratively generates neighboring solutions, evaluates them, and keeps track of the best solution found so far."
"0","    The search continues until no further improvement is found in the neighborhood of the current best solution."
"0","    """""""
"0","    "
"0","    # Evaluate the initial solution"
"0","    obj_value = obj_func(s)"
"0","    "
"0","    # Initialize the best solution as the initial solution"
"0","    best_solution = s.copy()"
"0","    "
"0","    # Initialize lists to keep track of the search history"
"0","    x, y, z, f_v = [], [], [], []"
"0","    "
"0","    # Start an outer loop that continues until no improvement is found"
"0","    while True:"
"0","        # Generate a new neighborhood of solutions around the current best solution"
"0","        nh = generate_search_neighborhood(best_solution)"
"0","        "
"0","        # Flag to check if an improvement was found in the current iteration"
"0","        improved = False"
"0","        "
"0","        # Iterate over each solution in the neighborhood"
"0","        for s in nh:"
"0","            # Append the components of the solution to the history lists"
"0","            x.append(s[0])"
"0","            y.append(s[1])"
"0","            z.append(s[2])"
"0","            "
"0","            # Evaluate the current solution"
"0","            c = obj_func(s)"
"0","            f_v.append(c)"
"0","            print(f'Tested solution {s} with objective value {c}')"
"0","            "
"0","            # Check if the current solution is an improvement"
"0","            if c < obj_value:"
"0","                # Update the best solution and its objective value"
"0","                obj_value = c"
"0","                best_solution = s.copy()"
"0","                print(f'Found better solution {best_solution} with objective value {obj_value}')"
"0","                "
"0","                # Mark that an improvement was found and exit the inner loop"
"0","                improved = True"
"0","                break"
"0","        "
"0","        # If no improvement was found in the entire neighborhood"
"0","        if not improved:"
"0","            # Exit the outer loop - the search is complete"
"0","            break"
"0","            "
"0","    # Return the search history"
"0","    return x, y, z, f_v"
"0",""
